"x","y","theta",
" start_state : ",
0.482016,0.000603708,0.434677,
" goal_state : ",
-0.674073,47.7772,0.42247,
